Soort Misdrijf,Nederland_Totaal geregistreerde misdrijven_2014,Nederland_Totaal geregistreerde misdrijven_2015,Nederland_Totaal geregistreerde misdrijven_2016*,Nederland_Totaal geregistreerde misdrijven_2017*,Nederland_||Totaal opgehelderde misdrijven_2014,Nederland_||Totaal opgehelderde misdrijven_2015,Nederland_||Totaal opgehelderde misdrijven_2016*,Nederland_||Totaal opgehelderde misdrijven_2017*,Nederland_Registraties van verdachten_2014,Nederland_Registraties van verdachten_2015,Nederland_Registraties van verdachten_2016*,Nederland_Registraties van verdachten_2017*,Groningen (PV)_Totaal geregistreerde misdrijven_2014,Groningen (PV)_Totaal geregistreerde misdrijven_2015,Groningen (PV)_Totaal geregistreerde misdrijven_2016*,Groningen (PV)_Totaal geregistreerde misdrijven_2017*,Groningen (PV)_||Totaal opgehelderde misdrijven_2014,Groningen (PV)_||Totaal opgehelderde misdrijven_2015,Groningen (PV)_||Totaal opgehelderde misdrijven_2016*,Groningen (PV)_||Totaal opgehelderde misdrijven_2017*,Groningen (PV)_Registraties van verdachten_2014,Groningen (PV)_Registraties van verdachten_2015,Groningen (PV)_Registraties van verdachten_2016*,Groningen (PV)_Registraties van verdachten_2017*,Friesland (PV)_Totaal geregistreerde misdrijven_2014,Friesland (PV)_Totaal geregistreerde misdrijven_2015,Friesland (PV)_Totaal geregistreerde misdrijven_2016*,Friesland (PV)_Totaal geregistreerde misdrijven_2017*,Friesland (PV)_||Totaal opgehelderde misdrijven_2014,Friesland (PV)_||Totaal opgehelderde misdrijven_2015,Friesland (PV)_||Totaal opgehelderde misdrijven_2016*,Friesland (PV)_||Totaal opgehelderde misdrijven_2017*,Friesland (PV)_Registraties van verdachten_2014,Friesland (PV)_Registraties van verdachten_2015,Friesland (PV)_Registraties van verdachten_2016*,Friesland (PV)_Registraties van verdachten_2017*,Drenthe (PV)_Totaal geregistreerde misdrijven_2014,Drenthe (PV)_Totaal geregistreerde misdrijven_2015,Drenthe (PV)_Totaal geregistreerde misdrijven_2016*,Drenthe (PV)_Totaal geregistreerde misdrijven_2017*,Drenthe (PV)_||Totaal opgehelderde misdrijven_2014,Drenthe (PV)_||Totaal opgehelderde misdrijven_2015,Drenthe (PV)_||Totaal opgehelderde misdrijven_2016*,Drenthe (PV)_||Totaal opgehelderde misdrijven_2017*,Drenthe (PV)_Registraties van verdachten_2014,Drenthe (PV)_Registraties van verdachten_2015,Drenthe (PV)_Registraties van verdachten_2016*,Drenthe (PV)_Registraties van verdachten_2017*,Overijssel (PV)_Totaal geregistreerde misdrijven_2014,Overijssel (PV)_Totaal geregistreerde misdrijven_2015,Overijssel (PV)_Totaal geregistreerde misdrijven_2016*,Overijssel (PV)_Totaal geregistreerde misdrijven_2017*,Overijssel (PV)_||Totaal opgehelderde misdrijven_2014,Overijssel (PV)_||Totaal opgehelderde misdrijven_2015,Overijssel (PV)_||Totaal opgehelderde misdrijven_2016*,Overijssel (PV)_||Totaal opgehelderde misdrijven_2017*,Overijssel (PV)_Registraties van verdachten_2014,Overijssel (PV)_Registraties van verdachten_2015,Overijssel (PV)_Registraties van verdachten_2016*,Overijssel (PV)_Registraties van verdachten_2017*,Flevoland (PV)_Totaal geregistreerde misdrijven_2014,Flevoland (PV)_Totaal geregistreerde misdrijven_2015,Flevoland (PV)_Totaal geregistreerde misdrijven_2016*,Flevoland (PV)_Totaal geregistreerde misdrijven_2017*,Flevoland (PV)_||Totaal opgehelderde misdrijven_2014,Flevoland (PV)_||Totaal opgehelderde misdrijven_2015,Flevoland (PV)_||Totaal opgehelderde misdrijven_2016*,Flevoland (PV)_||Totaal opgehelderde misdrijven_2017*,Flevoland (PV)_Registraties van verdachten_2014,Flevoland (PV)_Registraties van verdachten_2015,Flevoland (PV)_Registraties van verdachten_2016*,Flevoland (PV)_Registraties van verdachten_2017*,Gelderland (PV)_Totaal geregistreerde misdrijven_2014,Gelderland (PV)_Totaal geregistreerde misdrijven_2015,Gelderland (PV)_Totaal geregistreerde misdrijven_2016*,Gelderland (PV)_Totaal geregistreerde misdrijven_2017*,Gelderland (PV)_||Totaal opgehelderde misdrijven_2014,Gelderland (PV)_||Totaal opgehelderde misdrijven_2015,Gelderland (PV)_||Totaal opgehelderde misdrijven_2016*,Gelderland (PV)_||Totaal opgehelderde misdrijven_2017*,Gelderland (PV)_Registraties van verdachten_2014,Gelderland (PV)_Registraties van verdachten_2015,Gelderland (PV)_Registraties van verdachten_2016*,Gelderland (PV)_Registraties van verdachten_2017*,Utrecht (PV)_Totaal geregistreerde misdrijven_2014,Utrecht (PV)_Totaal geregistreerde misdrijven_2015,Utrecht (PV)_Totaal geregistreerde misdrijven_2016*,Utrecht (PV)_Totaal geregistreerde misdrijven_2017*,Utrecht (PV)_||Totaal opgehelderde misdrijven_2014,Utrecht (PV)_||Totaal opgehelderde misdrijven_2015,Utrecht (PV)_||Totaal opgehelderde misdrijven_2016*,Utrecht (PV)_||Totaal opgehelderde misdrijven_2017*,Utrecht (PV)_Registraties van verdachten_2014,Utrecht (PV)_Registraties van verdachten_2015,Utrecht (PV)_Registraties van verdachten_2016*,Utrecht (PV)_Registraties van verdachten_2017*,Noord-Holland (PV)_Totaal geregistreerde misdrijven_2014,Noord-Holland (PV)_Totaal geregistreerde misdrijven_2015,Noord-Holland (PV)_Totaal geregistreerde misdrijven_2016*,Noord-Holland (PV)_Totaal geregistreerde misdrijven_2017*,Noord-Holland (PV)_||Totaal opgehelderde misdrijven_2014,Noord-Holland (PV)_||Totaal opgehelderde misdrijven_2015,Noord-Holland (PV)_||Totaal opgehelderde misdrijven_2016*,Noord-Holland (PV)_||Totaal opgehelderde misdrijven_2017*,Noord-Holland (PV)_Registraties van verdachten_2014,Noord-Holland (PV)_Registraties van verdachten_2015,Noord-Holland (PV)_Registraties van verdachten_2016*,Noord-Holland (PV)_Registraties van verdachten_2017*,Zuid-Holland (PV)_Totaal geregistreerde misdrijven_2014,Zuid-Holland (PV)_Totaal geregistreerde misdrijven_2015,Zuid-Holland (PV)_Totaal geregistreerde misdrijven_2016*,Zuid-Holland (PV)_Totaal geregistreerde misdrijven_2017*,Zuid-Holland (PV)_||Totaal opgehelderde misdrijven_2014,Zuid-Holland (PV)_||Totaal opgehelderde misdrijven_2015,Zuid-Holland (PV)_||Totaal opgehelderde misdrijven_2016*,Zuid-Holland (PV)_||Totaal opgehelderde misdrijven_2017*,Zuid-Holland (PV)_Registraties van verdachten_2014,Zuid-Holland (PV)_Registraties van verdachten_2015,Zuid-Holland (PV)_Registraties van verdachten_2016*,Zuid-Holland (PV)_Registraties van verdachten_2017*,Zeeland (PV)_Totaal geregistreerde misdrijven_2014,Zeeland (PV)_Totaal geregistreerde misdrijven_2015,Zeeland (PV)_Totaal geregistreerde misdrijven_2016*,Zeeland (PV)_Totaal geregistreerde misdrijven_2017*,Zeeland (PV)_||Totaal opgehelderde misdrijven_2014,Zeeland (PV)_||Totaal opgehelderde misdrijven_2015,Zeeland (PV)_||Totaal opgehelderde misdrijven_2016*,Zeeland (PV)_||Totaal opgehelderde misdrijven_2017*,Zeeland (PV)_Registraties van verdachten_2014,Zeeland (PV)_Registraties van verdachten_2015,Zeeland (PV)_Registraties van verdachten_2016*,Zeeland (PV)_Registraties van verdachten_2017*,Noord-Brabant (PV)_Totaal geregistreerde misdrijven_2014,Noord-Brabant (PV)_Totaal geregistreerde misdrijven_2015,Noord-Brabant (PV)_Totaal geregistreerde misdrijven_2016*,Noord-Brabant (PV)_Totaal geregistreerde misdrijven_2017*,Noord-Brabant (PV)_||Totaal opgehelderde misdrijven_2014,Noord-Brabant (PV)_||Totaal opgehelderde misdrijven_2015,Noord-Brabant (PV)_||Totaal opgehelderde misdrijven_2016*,Noord-Brabant (PV)_||Totaal opgehelderde misdrijven_2017*,Noord-Brabant (PV)_Registraties van verdachten_2014,Noord-Brabant (PV)_Registraties van verdachten_2015,Noord-Brabant (PV)_Registraties van verdachten_2016*,Noord-Brabant (PV)_Registraties van verdachten_2017*,Limburg (PV)_Totaal geregistreerde misdrijven_2014,Limburg (PV)_Totaal geregistreerde misdrijven_2015,Limburg (PV)_Totaal geregistreerde misdrijven_2016*,Limburg (PV)_Totaal geregistreerde misdrijven_2017*,Limburg (PV)_||Totaal opgehelderde misdrijven_2014,Limburg (PV)_||Totaal opgehelderde misdrijven_2015,Limburg (PV)_||Totaal opgehelderde misdrijven_2016*,Limburg (PV)_||Totaal opgehelderde misdrijven_2017*,Limburg (PV)_Registraties van verdachten_2014,Limburg (PV)_Registraties van verdachten_2015,Limburg (PV)_Registraties van verdachten_2016*,Limburg (PV)_Registraties van verdachten_2017*,Niet in te delen (PV)_Totaal geregistreerde misdrijven_2014,Niet in te delen (PV)_Totaal geregistreerde misdrijven_2015,Niet in te delen (PV)_Totaal geregistreerde misdrijven_2016*,Niet in te delen (PV)_Totaal geregistreerde misdrijven_2017*,Niet in te delen (PV)_||Totaal opgehelderde misdrijven_2014,Niet in te delen (PV)_||Totaal opgehelderde misdrijven_2015,Niet in te delen (PV)_||Totaal opgehelderde misdrijven_2016*,Niet in te delen (PV)_||Totaal opgehelderde misdrijven_2017*,Niet in te delen (PV)_Registraties van verdachten_2014,Niet in te delen (PV)_Registraties van verdachten_2015,Niet in te delen (PV)_Registraties van verdachten_2016*,Niet in te delen (PV)_Registraties van verdachten_2017*
"Misdrijven, totaal",1025630,978945,930300,830780,271355,248875,232555,191095,327320,301555,278690,245005,30715,30065,29550,25120,8845,8255,7395,6325,10730,10155,8980,8400,27620,26585,24585,21555,8785,8415,7545,6205,10170,10065,8975,8160,21470,20090,18660,16385,6125,5515,4850,3875,7975,7050,6215,5235,54065,50580,48565,43215,13925,13425,12785,10240,16940,15815,15065,13640,23335,21550,20840,18580,6885,6225,6330,5515,8310,7420,7695,7030,102230,95195,92705,81250,26700,25080,24290,19260,32330,30910,29060,25405,75820,74175,72045,66330,17685,15790,15050,12750,21150,19250,18010,16070,207610,202670,189605,171430,54345,49175,44970,37590,65865,60160,54385,47485,237745,224970,218495,196705,70650,62535,58595,47915,85165,75465,69855,59875,17180,16840,15560,13465,5580,5300,4785,4080,6595,6540,5760,5305,152130,145560,135165,118835,35705,33745,31450,25955,42830,40260,37095,33355,74285,68995,62970,56465,15805,14720,13920,11130,18845,17635,16865,14640,1420,1665,1560,1450,315,700,590,260,405,840,735,405
1 Vermogensmisdrijven,631450,614050,576440,502840,95080,89640,82035,67000,124840,117735,106180,92785,18285,18685,18515,14220,3340,3245,2860,2360,4265,4230,3700,3325,15360,15135,13855,11470,2935,2945,2460,2060,3725,3965,3205,2940,11950,11685,10990,9250,2070,2005,1820,1390,3055,2920,2695,2025,32495,30965,29710,25125,5040,4945,4590,3645,6585,6280,5800,5195,13280,12845,11970,10430,2560,2370,2120,2005,3415,3075,2790,2755,62930,58715,57175,48700,9620,8995,8685,6650,12650,11875,11215,9475,49695,49505,48530,44705,6905,6260,5920,4990,8960,8280,7655,6770,136620,135630,123935,110575,19985,18350,16635,13985,26080,24045,21455,18905,139285,136145,130990,115990,23560,22155,19965,16465,31450,29130,25785,22410,8620,8640,8220,6625,1435,1515,1430,1130,1920,2085,1870,1645,95370,91325,82210,70215,12055,11375,10350,8275,15605,14815,13265,11585,46670,44100,39760,34740,5445,5395,5140,4000,6965,6915,6645,5670,890,670,585,795,130,75,60,45,165,120,95,85
1.1 Diefstal/verduistering en inbraak,592590,549105,498315,428280,77865,72780,66975,55605,101455,94465,85345,74595,17115,16545,15875,11670,2900,2790,2445,2030,3715,3620,3145,2805,14300,13025,11235,8710,2485,2450,2055,1720,3175,3300,2645,2355,11080,9995,9020,7420,1720,1575,1485,1170,2575,2220,2035,1660,30470,27200,24930,20690,4150,3965,3700,3015,5385,4965,4640,4145,12270,10960,9870,8595,2155,1925,1770,1775,2840,2505,2285,2365,59230,52015,48415,40290,8010,7315,6990,5345,10365,9600,8895,7330,46610,44650,42525,38825,5445,4905,4650,4020,7040,6465,5960,5295,128250,122805,109260,96505,16275,14925,13800,11730,21080,19260,17475,15300,129735,121295,113795,99260,19145,18130,16395,13725,25305,23535,20910,18275,8025,7360,6665,5165,1155,1215,1145,905,1525,1675,1480,1285,90270,82365,71245,60035,9830,9085,8260,6765,12570,11625,10410,9110,44580,40440,35060,30470,4545,4480,4255,3395,5805,5660,5435,4650,660,445,425,645,55,25,20,15,75,45,30,20
1.1.1 Diefstal en inbraak met geweld,10455,9730,8995,8040,3725,3440,3230,2365,5885,5385,5040,4175,245,215,195,190,110,110,95,75,185,155,135,145,140,120,95,80,65,55,50,25,90,95,80,45,115,70,100,100,50,40,40,35,90,65,70,60,375,345,270,185,170,120,120,70,275,175,180,130,345,295,255,220,145,110,95,85,215,175,145,145,635,695,615,450,245,260,255,155,360,400,380,260,640,630,550,435,250,215,200,150,385,335,320,235,3165,2915,2775,2460,965,910,845,560,1500,1420,1310,955,2860,2715,2590,2520,1070,1020,925,775,1760,1655,1485,1380,130,105,105,105,55,40,40,40,100,60,70,85,1205,1145,1015,930,395,380,390,270,635,575,600,505,590,470,430,360,195,185,170,125,280,270,265,225,10,5,5,0,5,0,0,0,10,5,0,5
1.1.2 Diefstal en inbraak zonder geweld,582135,539370,489320,420240,74140,69335,63745,53245,95575,89080,80305,70415,16870,16330,15685,11480,2790,2680,2350,1950,3530,3460,3010,2660,14160,12905,11135,8630,2415,2390,2005,1695,3080,3205,2565,2310,10965,9925,8925,7320,1670,1535,1445,1135,2485,2155,1965,1600,30095,26855,24660,20500,3980,3845,3580,2945,5110,4790,4460,4015,11925,10665,9615,8375,2010,1815,1675,1690,2625,2330,2140,2220,58600,51320,47800,39840,7760,7055,6740,5190,10005,9200,8515,7070,45965,44020,41975,38390,5195,4690,4450,3870,6660,6130,5645,5055,125085,119890,106485,94045,15305,14015,12955,11170,19580,17835,16165,14345,126875,118580,111205,96740,18075,17115,15470,12950,23545,21880,19425,16890,7895,7255,6565,5060,1095,1175,1105,865,1425,1615,1410,1200,89065,81220,70230,59105,9435,8700,7870,6500,11935,11050,9805,8605,43985,39965,34625,30110,4350,4295,4080,3275,5520,5390,5170,4430,650,440,420,645,50,25,20,10,70,40,25,15
1.2 Bedrog,19735,37410,45155,39755,5615,3160,1760,1390,7225,4240,2665,2400,670,1340,1650,1425,190,110,65,60,220,130,90,95,655,1435,1750,1615,200,145,40,60,240,190,55,115,590,1085,1250,1085,165,150,80,40,225,235,295,75,1270,2465,3010,2560,420,285,120,75,530,400,140,145,420,995,1185,985,105,65,40,20,140,75,55,40,1995,4100,5305,4800,550,340,255,240,690,470,400,415,1405,2680,3395,3060,435,235,165,80,550,305,205,145,4035,6965,8070,7185,1120,575,255,195,1410,790,395,370,4440,8055,9315,8435,1280,670,355,360,1715,905,490,530,325,815,995,825,105,55,35,35,160,70,65,55,2590,5135,6400,5410,660,340,230,150,870,450,305,270,1190,2225,2780,2320,345,165,105,65,415,200,145,120,145,110,55,40,45,20,15,10,55,25,20,30
1.2.1 Oplichting,19015,35530,42245,37365,5180,2495,915,960,6695,3290,1225,1635,630,1280,1540,1345,165,85,35,45,195,105,40,65,620,1375,1685,1550,180,125,20,45,210,155,25,90,575,1025,1145,1035,155,125,25,35,215,175,35,60,1195,2335,2860,2435,370,230,65,50,470,325,75,90,410,965,1120,935,95,55,15,15,135,65,20,25,1910,3890,5010,4535,495,260,155,180,620,355,240,320,1375,2550,3150,2885,415,185,100,50,525,240,115,90,3895,6595,7505,6685,1015,450,125,120,1300,620,185,230,4315,7625,8665,7875,1205,530,165,275,1610,680,225,370,310,785,950,785,95,50,25,20,150,60,35,35,2505,4890,5950,5090,620,255,120,90,825,340,150,170,1135,2120,2620,2190,315,130,60,40,385,150,85,80,145,95,35,25,45,10,5,5,55,15,5,20
1.2.2 Flessentrekkerij,475,185,5,0,345,120,0,0,395,125,0,0,20,10,0,0,15,5,0,0,15,5,0,0,25,10,0,0,15,5,0,0,15,5,0,0,15,10,0,0,10,5,0,0,10,5,0,0,55,15,0,0,40,10,0,0,55,10,0,0,10,5,0,0,5,0,0,0,5,0,0,0,50,25,0,0,35,15,0,0,40,15,0,0,20,15,0,0,15,10,0,0,20,10,0,0,105,40,5,0,85,30,0,0,95,30,0,0,80,25,0,0,60,20,0,0,75,20,0,0,15,0,0,0,10,0,0,0,10,0,0,0,55,15,0,0,30,5,0,0,35,5,0,0,30,10,0,0,20,5,0,0,25,5,0,0,0,0,0,0,0,0,0,0,0,0,0,0
1.2.3 Bedrog (overig),240,1690,2910,2390,90,545,840,425,135,825,1440,765,15,50,110,80,5,15,30,15,10,20,50,30,10,55,65,65,5,15,20,15,15,25,30,30,5,55,105,55,0,20,55,10,0,55,265,15,20,115,150,125,10,40,55,30,5,65,70,55,5,25,65,50,0,5,20,10,0,5,35,15,35,180,295,260,20,65,100,55,30,100,160,90,15,115,245,180,5,40,60,30,5,50,90,55,35,330,560,500,15,100,130,75,15,140,205,140,45,400,645,560,15,115,190,85,30,200,270,155,5,30,45,45,0,5,15,10,0,10,30,20,30,230,450,320,10,80,110,60,10,100,160,100,20,95,155,130,10,30,45,20,5,45,65,45,0,15,25,20,0,10,10,5,0,10,15,15
1.3 Valsheidsmisdrijf,9850,18415,24680,27350,3640,6095,6705,4915,4675,8120,8860,7550,305,590,830,920,95,185,230,145,115,245,305,215,230,505,730,1005,95,215,265,200,110,290,355,320,135,445,605,620,65,145,180,115,70,240,250,175,355,920,1390,1490,145,370,465,295,190,470,615,480,350,700,730,705,110,240,170,120,145,305,230,195,815,1705,2575,2835,340,585,710,570,515,735,915,865,860,1390,1950,2195,335,450,585,440,415,615,720,645,2320,3825,4790,5310,840,1160,1120,930,1090,1590,1530,1490,2570,4500,5785,6525,875,1425,1520,1120,1110,1855,2025,1680,145,355,455,510,80,170,175,110,95,215,210,175,1255,2470,3330,3605,485,815,865,600,610,1105,1170,885,440,910,1425,1530,155,325,405,265,190,430,510,410,65,95,90,100,15,20,15,10,15,25,25,20
1.3.1 Muntmisdrijf,1915,2430,1980,1600,1030,1240,995,725,1365,1675,1365,1050,55,95,75,50,25,35,30,20,40,45,40,25,50,110,55,50,20,60,30,20,25,90,55,30,20,95,65,20,10,45,40,5,15,70,60,5,85,120,125,100,35,65,65,40,40,80,85,80,85,135,75,60,55,55,40,30,60,65,50,45,195,185,155,195,105,100,85,105,145,140,110,150,235,155,160,120,115,85,80,50,145,105,105,60,395,535,405,305,235,285,185,120,330,390,270,175,450,535,420,335,260,290,220,160,360,385,295,220,35,50,50,45,15,25,25,25,15,35,40,30,230,300,230,220,125,155,105,110,145,210,140,155,70,115,165,100,30,40,90,45,50,60,115,60,0,0,0,0,0,0,0,0,0,0,5,0
1.3.2 Valsheid in zegels en merken,205,250,255,205,185,165,135,95,240,245,210,215,0,0,0,5,0,0,0,0,5,0,0,0,0,5,5,5,0,0,0,0,0,0,0,0,5,0,5,0,5,0,0,0,5,0,0,0,5,10,10,15,5,5,10,10,5,10,10,15,0,5,0,0,0,5,0,0,0,5,0,0,10,30,30,15,10,20,15,10,10,25,25,15,15,15,20,15,15,10,15,10,20,15,20,15,50,55,60,25,40,30,30,10,50,50,45,40,95,85,70,80,90,60,40,40,110,85,65,85,0,5,0,5,0,0,0,5,0,5,5,5,20,40,30,30,20,20,15,10,25,40,30,30,5,10,15,5,5,5,10,0,5,10,10,5,0,0,0,0,0,0,0,0,0,0,0,0
1.3.3 Valsheid in geschriften,7730,15730,22450,25545,2425,4690,5580,4095,3075,6200,7290,6285,250,490,755,865,65,150,205,125,70,195,265,185,180,395,670,950,75,155,230,175,80,200,300,285,115,345,535,600,50,105,135,110,50,170,190,170,265,790,1255,1375,105,295,395,245,150,385,525,380,265,560,650,640,55,180,130,90,80,235,180,150,610,1490,2395,2625,230,465,615,460,365,570,780,700,610,1220,1765,2060,210,355,490,380,250,495,600,570,1875,3235,4325,4980,565,840,905,795,715,1150,1215,1270,2025,3880,5295,6110,525,1070,1260,920,640,1385,1665,1380,110,305,405,460,65,140,150,85,80,175,165,135,1005,2130,3070,3355,340,635,745,480,435,855,995,700,360,790,1245,1420,120,275,310,215,140,360,385,340,65,95,85,95,15,20,15,10,15,25,20,20
1.4 Heling,6940,6735,5830,5165,6745,6485,5520,4310,9505,9180,7545,6690,155,145,105,115,140,140,100,95,195,190,120,155,125,120,90,95,120,115,85,70,155,170,120,130,100,110,70,70,100,105,65,50,150,175,100,85,290,295,295,295,280,290,280,235,385,385,355,375,140,110,125,90,135,110,115,75,195,145,180,130,685,685,645,565,655,655,620,430,900,910,850,740,600,615,495,460,580,595,460,405,790,785,655,585,1540,1525,1325,1135,1510,1465,1255,980,2105,2045,1705,1445,1875,1610,1360,1130,1840,1555,1305,1000,2675,2270,1790,1480,80,65,55,60,75,60,50,50,115,95,85,80,1000,1045,890,820,965,1015,845,665,1375,1450,1130,1060,345,400,365,315,335,380,340,240,455,555,460,420,10,5,5,5,10,5,5,5,15,5,10,10
1.5 Afpersing en afdreiging,1515,1635,1660,1510,550,515,475,325,810,725,755,605,30,50,40,55,5,15,10,15,10,30,20,25,20,40,40,35,10,15,10,5,15,15,20,10,30,30,30,40,10,15,5,10,20,25,5,20,65,65,70,70,20,25,20,15,30,30,30,25,75,70,45,45,35,25,15,15,60,30,25,25,145,155,175,175,40,55,55,40,60,75,75,75,130,125,110,120,45,40,25,20,55,55,40,40,325,350,345,300,120,110,95,60,170,140,160,110,390,410,435,360,155,135,135,85,240,200,205,135,30,35,40,45,15,10,15,15,15,20,25,25,185,210,215,195,65,45,60,35,85,65,95,80,90,90,105,75,35,25,25,20,55,35,50,30,0,5,5,0,0,0,0,0,0,0,0,0
1.6 Bankbreuk,170,180,175,105,95,105,110,30,190,170,190,75,5,5,5,5,0,5,0,0,0,5,5,0,0,5,5,0,0,5,5,0,0,5,5,0,0,5,5,5,0,5,5,5,5,5,10,5,30,5,5,0,5,5,5,0,40,10,5,5,5,5,5,5,5,0,0,0,5,5,0,5,10,15,15,5,0,10,10,5,10,20,20,5,15,10,10,10,10,5,5,5,20,10,10,5,30,40,25,25,15,15,15,5,25,35,30,20,50,45,60,15,45,30,45,0,65,40,65,10,0,5,0,0,0,5,0,0,0,5,0,0,10,20,30,25,5,15,15,5,10,20,30,20,5,20,5,10,5,5,0,5,5,10,10,5,5,0,0,0,5,0,0,0,5,0,5,0
1.7 Witwassen,655,570,620,680,565,500,490,425,980,835,820,875,5,5,5,30,5,5,5,20,5,10,10,30,30,5,5,10,25,5,5,10,35,5,5,10,10,10,5,10,10,10,0,5,15,15,0,10,20,15,10,20,20,10,5,10,25,20,10,20,15,5,10,0,15,5,5,0,30,10,15,0,55,40,45,35,25,40,40,20,110,65,60,40,75,35,50,35,55,25,30,25,90,55,65,55,120,120,120,120,105,100,95,85,200,185,170,175,230,230,240,260,220,215,210,175,335,320,300,305,10,5,10,20,5,5,5,10,10,10,10,25,55,75,100,125,45,60,70,55,90,105,135,165,30,15,20,25,25,15,10,15,40,25,30,35,0,10,5,0,0,5,5,0,5,15,10,0
1.8 Vermogensmisdrijf (overig),0,0,0,0,0,0,0,0,0,0,0,0,0,0,0,0,0,0,0,0,0,0,0,0,0,0,0,0,0,0,0,0,0,0,0,0,0,0,0,0,0,0,0,0,0,0,0,0,0,0,0,0,0,0,0,0,0,0,0,0,0,0,0,0,0,0,0,0,0,0,0,0,0,0,0,0,0,0,0,0,0,0,0,0,0,0,0,0,0,0,0,0,0,0,0,0,0,0,0,0,0,0,0,0,0,0,0,0,0,0,0,0,0,0,0,0,0,0,0,0,0,0,0,0,0,0,0,0,0,0,0,0,0,0,0,0,0,0,0,0,0,0,0,0,0,0,0,0,0,0,0,0,0,0,0,0,0,0,0,0,0,0,0,0,0,0,0,0
"2 Vernielingen, misdr.openb.orde/gezag",135400,122835,115515,102040,27715,25010,24020,20380,38050,34555,31890,28310,4635,4095,3895,3935,930,840,795,715,1325,1135,995,1005,4755,4300,3825,3520,1060,1010,925,760,1285,1275,1225,1110,3950,3245,2815,2390,805,605,520,415,1155,855,705,600,7830,6940,6255,5815,1500,1540,1340,1235,2140,1955,1685,1835,3775,2870,2875,2500,620,530,625,465,840,710,825,700,14005,12780,12485,10585,2775,2655,2645,2110,3865,4155,3625,3120,9655,9395,8440,7620,1795,1640,1575,1405,2445,2425,2170,1980,24130,22395,21710,19825,5690,5045,4910,4575,7615,7055,6460,5930,30835,27505,26230,22620,6685,5715,5435,4370,9430,7865,7360,6005,2975,3070,2545,2125,625,600,545,470,830,840,680,635,19160,17630,16895,14395,3650,3390,3355,2705,5075,4455,4475,3820,9645,8565,7495,6655,1575,1425,1345,1145,2025,1820,1660,1555,55,45,50,50,15,10,10,5,20,15,25,10
2.1 Vernieling en beschadiging,109995,101845,94520,81600,13570,12685,11710,9680,16400,15400,13890,12535,3825,3425,3340,3360,505,475,475,420,645,605,565,555,3930,3630,3175,2925,565,565,495,420,660,680,620,655,3270,2710,2385,2015,460,310,295,245,660,410,360,350,6550,5845,5240,4715,800,870,705,650,980,1005,820,885,2800,2355,2325,2035,320,260,305,240,360,300,335,305,11715,10765,10370,8680,1505,1520,1405,1140,1875,1935,1820,1570,7630,7715,6805,6110,805,735,680,655,920,865,800,835,19460,18170,17035,14880,2760,2330,1980,1675,3375,3010,2425,2110,24255,22735,21500,18105,2830,2795,2665,2035,3315,3310,3015,2530,2415,2620,2140,1750,325,345,310,255,380,430,355,315,15960,14670,13925,11520,1850,1680,1665,1325,2275,1935,1950,1670,8155,7180,6250,5470,845,800,725,620,960,910,825,765,30,25,30,30,5,5,5,0,5,5,5,0
2.1.1 Vernieling aan auto,50215,47705,43910,37800,3970,3675,3305,2680,4710,4460,3840,3680,1505,1400,1365,1650,100,110,120,145,115,135,145,195,1460,1440,1310,1115,120,135,125,85,135,150,155,190,1240,1095,870,860,115,85,80,95,140,95,85,125,2795,2480,2090,1970,190,260,165,190,230,280,185,275,1125,900,935,805,85,65,75,55,90,70,85,75,5110,4840,4780,3880,430,485,455,330,535,625,545,545,3665,3675,3330,3010,215,195,185,195,240,245,210,275,9340,8515,7635,6535,1055,580,475,405,1260,775,580,550,10805,10975,10465,8730,745,885,815,520,875,1120,915,655,1040,1345,1025,825,75,105,115,90,85,120,140,105,8235,7480,7035,5870,575,530,480,380,720,585,570,465,3880,3535,3060,2525,255,245,210,195,285,255,225,230,10,5,20,20,0,0,5,0,0,0,5,0
2.1.2 Vernieling aan openbaar gebouw,1775,1455,1365,1135,490,450,420,300,625,575,575,375,80,60,55,60,20,15,10,15,40,15,15,15,60,70,50,45,15,25,15,15,25,50,20,20,75,60,45,35,15,15,10,10,15,20,10,15,165,135,115,120,30,35,25,30,35,35,30,40,25,25,20,35,10,10,5,5,10,15,5,10,170,170,160,120,45,50,40,20,65,60,110,30,150,120,85,90,25,20,20,15,25,25,25,20,315,255,260,200,100,90,90,70,130,125,105,80,395,290,280,225,140,105,100,75,160,120,115,90,50,30,20,15,10,10,5,0,15,20,5,0,215,170,190,125,50,50,80,35,80,55,100,40,75,75,85,65,25,20,30,15,30,25,35,20,0,0,0,0,0,0,0,0,0,0,0,0
2.1.3 Vernieling middel openb.vervoer,925,815,1100,1380,140,140,160,115,215,195,215,170,10,10,10,10,5,5,5,5,10,10,5,5,15,20,15,20,0,5,0,5,0,5,0,10,10,5,10,5,5,5,5,0,15,5,5,0,25,25,25,10,10,5,10,5,10,5,10,5,20,35,145,140,5,5,10,0,5,10,10,0,125,130,150,125,15,20,15,5,25,25,20,10,45,30,45,45,10,10,20,10,15,15,30,15,400,335,350,595,25,35,35,30,35,55,50,45,190,155,225,240,50,40,40,45,65,50,50,65,10,5,5,10,0,0,0,0,0,0,0,5,35,35,95,140,5,15,20,5,25,15,25,10,40,25,25,45,5,5,5,5,5,5,5,5,0,0,0,0,0,0,0,0,0,0,0,0
2.1.4 Dierenmishandeling,0,0,0,0,0,0,0,0,0,0,0,0,0,0,0,0,0,0,0,0,0,0,0,0,0,0,0,0,0,0,0,0,0,0,0,0,0,0,0,0,0,0,0,0,0,0,0,0,0,0,0,0,0,0,0,0,0,0,0,0,0,0,0,0,0,0,0,0,0,0,0,0,0,0,0,0,0,0,0,0,0,0,0,0,0,0,0,0,0,0,0,0,0,0,0,0,0,0,0,0,0,0,0,0,0,0,0,0,0,0,0,0,0,0,0,0,0,0,0,0,0,0,0,0,0,0,0,0,0,0,0,0,0,0,0,0,0,0,0,0,0,0,0,0,0,0,0,0,0,0,0,0,0,0,0,0,0,0,0,0,0,0,0,0,0,0,0,0
"2.1.5 Vernieling, beschadiging (overig)",57080,51870,48145,41280,8965,8420,7825,6585,10850,10170,9260,8305,2230,1960,1915,1640,380,345,345,250,480,445,400,340,2390,2095,1800,1745,425,400,350,315,495,475,450,435,1945,1550,1465,1115,325,210,200,140,490,290,265,210,3570,3205,3005,2615,565,570,505,430,705,680,595,565,1630,1390,1225,1055,220,180,210,175,255,205,230,220,6305,5620,5280,4555,1015,965,895,790,1250,1225,1145,990,3770,3885,3345,2965,555,510,460,435,640,580,535,530,9405,9070,8795,7550,1575,1630,1385,1170,1945,2055,1690,1435,12865,11315,10530,8910,1890,1765,1710,1395,2215,2020,1935,1715,1315,1240,1085,900,235,225,190,165,280,290,210,205,7475,6980,6605,5385,1215,1085,1085,905,1450,1280,1250,1155,4160,3545,3080,2840,560,530,485,410,640,625,565,510,15,15,15,10,0,0,5,0,5,0,5,0
2.2 Openbare orde misdrijf,15645,11675,11245,11135,8555,7110,6745,5580,15355,13445,11840,10185,515,390,340,355,280,240,210,200,505,395,310,335,520,415,410,400,360,300,290,240,470,435,435,335,360,265,230,210,205,170,135,100,320,310,235,170,790,625,490,595,455,415,360,310,890,665,570,625,770,310,335,285,210,180,215,155,385,305,370,315,1270,1100,1040,1015,740,655,685,545,1420,1695,1190,1065,1315,1030,905,890,580,580,530,460,1065,1215,985,850,2600,2185,2415,2355,1465,1300,1300,965,2645,2550,2335,1830,4455,2770,2550,2655,2510,1685,1480,1370,4565,3185,2810,2390,270,225,205,200,145,135,125,120,260,265,200,215,1905,1695,1710,1590,1130,1080,1030,835,2055,1830,1820,1535,850,640,600,560,475,360,380,275,770,580,570,510,20,20,10,15,5,5,5,5,10,10,15,10
2.2.1 Openlijke geweldpleging,5350,4845,4485,4450,3780,3365,2985,2340,9795,9085,7575,6345,140,135,100,105,115,100,70,65,310,250,165,175,100,85,100,70,80,65,70,35,170,185,200,105,95,95,90,60,75,75,60,35,175,200,160,90,280,245,170,230,215,195,140,115,610,440,340,420,130,105,120,110,90,75,90,75,260,185,230,200,515,455,425,470,360,330,285,230,970,1310,765,700,405,510,395,365,285,355,285,210,705,950,715,530,885,785,805,755,650,565,560,440,1695,1615,1405,1210,1595,1395,1210,1290,1100,895,745,655,2880,2225,1920,1550,100,95,65,65,65,65,45,40,165,185,115,115,810,720,775,720,540,510,485,330,1360,1190,1235,945,295,220,235,200,200,140,145,105,485,350,315,295,0,0,5,5,0,0,0,5,5,0,10,5
2.2.1.1 Openlijk geweld tegen persoon,4315,3955,3735,3810,2920,2670,2380,1895,7320,7000,5870,5115,105,110,85,90,85,85,60,50,225,210,135,145,60,55,65,55,45,40,50,30,100,120,135,75,70,80,80,45,55,65,55,30,125,160,145,75,245,210,150,195,180,160,120,90,500,360,280,300,105,90,100,95,70,65,70,60,205,160,190,155,425,380,360,420,295,270,235,205,795,1115,615,595,315,405,320,305,210,270,220,165,505,700,520,425,725,640,675,630,500,450,455,345,1260,1155,1100,975,1225,1065,945,1065,800,645,540,510,1975,1545,1355,1210,75,75,55,55,50,45,35,30,115,130,85,80,705,650,695,665,460,460,425,290,1125,1045,1050,825,250,195,205,180,165,120,115,90,395,295,255,255,0,0,0,5,0,0,0,5,0,0,0,5
2.2.1.2 Openlijk geweld tegen goed,1035,890,750,645,860,695,605,445,2475,2080,1705,1230,35,20,15,15,30,15,10,10,85,40,30,30,35,30,30,15,35,25,25,10,70,65,70,35,25,15,10,15,20,10,5,5,50,40,15,15,35,40,20,35,35,35,15,25,110,80,60,120,25,15,20,15,20,10,15,15,55,25,40,45,90,75,65,50,65,60,50,30,175,195,145,105,90,105,75,60,70,90,65,45,205,250,190,105,165,145,130,120,150,115,105,95,435,455,305,235,370,335,260,225,305,255,205,145,910,680,565,345,20,20,10,15,20,15,10,10,50,55,30,40,100,70,75,55,80,50,60,40,235,145,185,120,45,25,30,20,35,20,30,15,95,55,55,40,0,0,0,0,0,0,0,0,5,0,10,0
2.2.2 Huisvredebreuk,2675,2330,2535,2345,2170,1815,1910,1760,2490,2010,2090,1930,120,95,100,100,95,75,70,70,105,75,65,80,125,130,115,110,110,115,90,85,110,115,95,100,50,45,45,40,40,35,35,30,50,40,35,35,155,140,145,140,135,130,125,120,150,135,130,120,35,40,55,40,30,25,40,30,30,35,40,30,245,190,260,245,200,150,220,195,235,160,230,220,210,160,200,195,170,125,155,160,210,135,175,175,495,510,540,425,350,355,365,280,415,425,425,305,665,430,500,450,570,350,375,345,690,400,425,360,35,45,45,50,25,35,30,35,30,35,30,40,355,385,395,420,295,310,300,335,315,335,310,365,185,160,145,125,145,110,110,80,155,115,120,95,0,0,0,0,0,0,0,0,0,5,0,0
2.2.3 Lokaalvredebreuk,430,425,430,370,390,390,375,305,415,465,390,315,25,20,30,20,20,15,25,20,20,15,25,20,15,15,10,25,15,15,10,20,15,15,10,20,20,15,5,5,15,15,5,5,20,15,5,5,20,25,35,25,20,20,30,25,25,20,35,25,10,15,20,15,5,10,15,15,5,10,20,15,40,40,40,30,40,35,40,25,40,40,40,30,25,20,15,20,20,15,15,15,20,15,15,15,75,110,85,75,70,100,65,55,75,130,80,60,115,80,50,50,105,75,45,40,110,115,45,40,10,5,20,15,10,5,20,15,10,5,20,15,60,65,75,70,55,60,65,55,60,60,60,55,20,20,40,15,15,20,35,10,15,20,35,15,0,0,0,0,0,0,0,0,0,0,0,0
2.2.4 Computervredebreuk,2045,2225,1875,2300,195,165,160,105,235,195,210,220,85,70,60,65,10,5,5,5,10,5,5,10,80,80,55,90,10,10,10,5,10,10,10,5,60,65,45,60,5,5,5,5,10,5,5,10,150,135,65,125,10,10,10,5,15,15,5,5,60,75,70,70,0,0,5,5,0,0,10,5,230,250,150,145,15,20,10,10,15,30,15,15,215,240,200,215,10,15,5,10,15,15,10,20,350,415,565,765,35,35,50,20,45,40,80,45,355,405,310,400,45,35,20,20,50,40,25,55,40,45,40,20,5,0,5,0,5,5,5,5,310,290,240,220,30,20,20,10,35,25,25,30,100,135,75,120,15,10,10,10,20,10,10,15,5,15,5,5,0,0,0,0,0,0,0,0
2.2.5 Discriminatie,3465,450,565,405,560,175,215,140,580,210,240,170,105,25,20,15,10,10,10,5,10,5,10,10,70,10,15,10,20,5,5,0,25,5,5,5,75,5,15,10,10,5,5,5,10,10,5,5,110,20,25,10,10,10,15,5,10,10,15,5,455,10,15,10,5,5,5,0,0,5,5,0,120,55,55,30,15,25,35,5,15,30,40,5,380,35,30,25,30,15,5,5,30,15,5,5,440,105,140,90,50,45,50,20,60,65,60,30,1345,110,155,140,370,35,45,75,380,40,55,85,45,10,10,10,5,5,5,5,5,5,5,5,145,45,60,45,20,15,20,10,15,15,20,15,160,15,25,10,15,5,15,0,15,5,15,5,15,0,5,5,5,0,0,0,5,5,0,0
2.2.6 Openbare orde misdrijf (overig),1685,1400,1350,1265,1460,1200,1100,935,1840,1480,1330,1205,40,45,35,45,35,40,30,35,45,40,35,40,130,95,120,95,120,90,105,90,140,105,110,100,60,40,30,30,50,35,25,20,55,45,25,25,75,55,50,65,65,50,40,50,80,50,40,55,80,70,55,40,80,65,55,35,90,75,60,65,125,110,110,95,110,95,95,75,140,125,105,95,90,65,70,70,70,60,65,60,85,85,70,100,355,255,280,245,305,205,205,150,360,275,285,180,380,350,325,325,315,295,250,235,450,370,335,295,40,30,20,35,35,25,20,25,45,30,25,35,225,195,170,125,190,165,145,95,270,200,165,125,90,90,80,90,80,75,65,65,85,85,70,85,0,0,0,0,0,0,0,0,0,0,5,0
2.3 Brandstichting/ontploffing,5045,4900,4800,4665,1115,1050,950,820,1575,1425,1340,1215,185,170,130,150,40,30,25,45,60,35,35,60,205,160,135,120,50,60,45,30,60,75,75,50,220,190,135,120,55,50,35,20,80,60,55,30,295,270,320,275,60,70,75,65,75,90,100,115,130,140,130,120,25,25,40,25,30,30,55,35,595,515,635,535,140,105,135,90,180,135,190,130,385,380,405,360,100,75,65,60,140,100,75,65,705,735,730,710,145,160,155,120,195,210,220,165,1005,935,975,970,270,230,185,170,405,315,260,285,170,120,105,95,40,20,20,20,65,40,30,30,710,730,655,780,125,140,115,105,180,185,155,170,430,560,445,425,65,90,60,65,105,145,90,95,0,0,0,0,0,0,0,0,0,0,0,0
2.4 Openbaar gezag misdrijf,4715,4415,4950,4645,4475,4165,4615,4295,4720,4290,4820,4375,105,110,90,70,95,95,85,55,110,100,85,60,95,90,105,75,90,85,95,70,95,85,95,75,95,80,65,45,85,70,55,45,95,70,60,55,195,200,205,230,185,185,200,210,195,190,195,215,70,70,85,60,65,65,70,45,65,75,70,50,425,400,440,355,390,380,415,335,395,390,420,350,320,265,320,255,305,250,305,230,320,250,310,235,1365,1300,1525,1885,1325,1255,1470,1810,1400,1285,1475,1830,1120,1065,1205,890,1075,1005,1105,795,1150,1055,1280,800,115,105,95,75,115,100,90,75,120,105,95,70,585,535,610,505,545,495,545,440,570,510,555,445,210,190,200,200,190,175,180,180,190,180,180,190,5,5,5,0,5,5,0,0,5,5,0,0
2.4.1 Niet opvolgen van ambtelijk bevel,2785,2400,2965,2895,2775,2385,2900,2840,2955,2455,2970,2885,60,60,60,35,60,60,55,35,65,60,60,40,60,45,70,40,55,45,65,40,60,45,70,40,60,60,40,30,60,55,40,30,65,55,40,35,105,95,100,95,105,90,100,95,125,95,100,95,30,35,35,15,30,35,35,15,30,35,35,20,245,235,255,230,245,235,250,225,250,245,260,240,200,145,165,125,200,145,165,120,210,140,170,125,995,800,1080,1520,990,800,1070,1500,1050,820,1070,1510,530,500,665,425,525,500,640,415,580,525,665,410,85,75,65,40,85,75,65,40,85,80,75,45,310,270,330,265,310,265,325,255,320,275,335,260,105,80,100,75,105,75,95,70,110,75,95,75,0,0,0,0,0,0,0,0,0,0,0,0
2.4.2 Wederspannigheid,980,850,890,785,965,825,870,760,1010,865,890,775,20,20,10,15,20,20,10,15,20,20,15,15,20,20,15,15,20,20,15,15,20,20,15,15,15,5,10,10,15,5,10,10,15,5,10,10,35,45,45,50,35,45,45,50,35,45,45,50,20,20,20,15,20,20,20,15,20,20,20,15,90,65,80,45,85,65,80,45,90,65,85,45,60,55,85,70,60,55,85,70,65,60,90,70,185,170,155,150,185,170,155,145,195,175,160,155,320,270,275,220,310,255,260,210,325,275,270,215,15,15,10,20,15,15,10,20,15,15,10,20,150,120,135,110,145,120,130,110,155,125,130,105,55,40,45,60,55,40,45,55,50,40,45,60,0,0,0,0,0,0,0,0,0,0,0,0
2.4.3 Valse aangifte,525,465,450,365,355,305,265,190,350,320,255,200,15,25,10,10,10,15,5,0,10,15,5,0,10,15,10,10,5,10,5,5,10,10,5,5,10,10,5,5,5,5,5,5,10,5,5,5,35,35,35,25,25,25,30,20,25,30,30,20,15,10,15,15,10,5,5,5,5,5,5,5,55,60,50,35,30,45,35,25,30,45,35,25,35,25,35,25,20,15,20,10,20,15,20,15,90,75,75,60,55,45,50,30,60,45,50,30,140,90,100,100,110,55,55,50,105,60,55,50,5,5,10,10,5,5,5,5,5,5,5,5,85,70,70,50,55,45,30,20,55,45,30,20,30,45,35,15,20,35,20,10,15,35,20,15,0,5,0,0,0,0,0,0,0,0,0,0
2.4.5 Verblijf ongewenste vreemdeling,175,470,365,295,170,465,350,265,170,460,335,255,0,0,5,5,0,0,5,5,0,0,5,5,5,10,5,0,5,10,5,0,5,10,5,0,0,0,0,0,0,0,0,0,0,0,0,0,0,10,5,10,0,10,5,5,0,10,5,5,5,5,0,0,5,5,0,0,0,5,0,0,5,15,20,10,5,15,20,5,5,15,15,5,10,20,15,10,10,20,15,10,10,20,15,10,60,205,175,120,60,205,165,110,60,200,165,110,75,170,90,80,75,165,85,70,75,165,85,70,0,0,0,0,0,0,0,0,0,0,0,0,10,30,25,25,10,30,25,20,10,30,25,20,5,10,15,40,5,10,15,35,5,10,10,30,0,0,0,0,0,0,0,0,0,0,0,0
2.4.6 Openbaar gezag misdrijf (overig),245,230,280,305,215,180,230,240,230,190,365,260,10,5,0,5,5,0,0,5,15,5,0,5,5,5,0,5,5,0,0,5,5,0,0,5,10,5,5,5,5,5,5,5,5,5,5,5,20,15,20,45,15,10,15,35,15,10,15,40,5,5,10,10,5,5,5,10,5,5,5,10,30,25,35,35,25,20,30,30,20,20,30,35,15,15,20,30,15,15,20,25,15,10,15,20,35,50,45,35,30,35,35,25,35,40,35,30,60,35,80,65,55,25,60,50,60,30,205,55,10,5,5,5,10,5,5,5,10,5,5,5,30,45,50,50,25,35,35,40,25,35,35,40,15,20,10,10,10,20,10,10,15,20,10,10,5,0,0,0,5,0,0,0,5,0,0,0
3 Gewelds- en seksuele misdrijven,98545,92475,90190,85120,66070,61465,56520,43515,73085,68070,62790,54435,3825,3620,3560,3395,2505,2350,2020,1575,2835,2655,2360,2125,3290,2950,2840,2690,2410,2155,1935,1435,2580,2315,2155,1885,2810,2435,2180,2165,1890,1645,1315,990,2170,1855,1510,1320,5370,4920,4775,4655,3785,3580,3310,2485,4200,3850,3575,3180,2505,2225,2400,2185,1660,1420,1540,1240,1840,1560,1730,1500,9965,9545,8920,8455,6595,6525,6160,4760,7340,7275,6740,6070,5625,5225,5255,4910,3680,3310,3155,2590,3900,3545,3395,3025,18995,18020,17700,16085,12970,11875,10515,7840,14650,13485,12045,9835,23500,21665,21425,20745,16180,14545,13555,10775,17855,16060,15050,13100,2100,1935,1845,1710,1470,1395,1240,925,1610,1575,1410,1185,13715,13755,13450,12630,8820,8875,8200,6315,9625,9710,8835,7830,6615,5970,5595,5275,4035,3710,3515,2555,4395,4085,3905,3305,230,210,235,235,65,75,65,40,90,100,70,80
3.1 Mishandeling,50905,48280,46990,44790,36630,34590,32220,25445,40760,38445,35905,31545,2010,1935,1870,1800,1410,1360,1205,930,1620,1605,1445,1260,1745,1575,1520,1405,1390,1260,1160,875,1505,1380,1315,1190,1420,1250,1180,1130,1045,935,775,585,1240,1085,925,775,2845,2595,2465,2465,2130,1960,1840,1445,2400,2135,2015,1880,1345,1225,1320,1255,990,865,960,795,1105,935,1090,950,5165,4945,4755,4425,3720,3720,3615,2725,4185,4150,4010,3465,2940,2835,2795,2645,2030,1935,1810,1530,2140,2040,1920,1795,10000,9550,9500,8810,7275,6650,6055,4660,8230,7600,6870,5740,12020,11190,10845,10770,8820,8065,7495,6340,9740,8900,8305,7500,1025,1010,925,920,785,780,680,545,835,905,775,685,7050,7095,6855,6445,4895,5040,4610,3580,5395,5515,5000,4440,3300,3040,2925,2690,2125,2015,2000,1420,2335,2185,2230,1820,40,30,35,35,20,5,15,15,30,10,15,30
3.2 Bedreiging en stalking,33920,31120,29695,27060,21945,19650,17715,13535,23420,20925,18995,15925,1255,1125,1100,1025,800,685,575,490,850,720,630,580,1045,870,830,780,730,610,520,425,760,620,550,475,965,760,620,645,615,465,355,280,670,505,375,345,1725,1595,1580,1400,1220,1180,1095,790,1275,1215,1145,940,815,740,750,690,480,415,420,365,505,435,440,420,3265,3025,2785,2605,2070,1955,1885,1510,2205,2095,1995,1825,1955,1695,1685,1520,1235,985,950,755,1290,1035,1005,830,6670,6240,5900,5150,4370,3940,3300,2370,4810,4320,3775,2905,8255,7510,7325,6870,5495,4765,4395,3330,5870,5080,4655,3815,710,665,615,510,495,475,415,290,520,500,455,360,4775,4715,4540,4070,2960,2885,2645,2050,3120,3045,2760,2370,2440,2140,1925,1760,1455,1275,1145,865,1525,1325,1205,1050,40,45,45,25,10,20,15,10,15,25,15,10
3.2.1 Bedreiging,30605,28115,26765,24220,19985,18030,16195,12260,21450,19305,17465,14640,1120,1020,975,910,725,635,530,450,775,670,580,535,935,770,740,680,660,550,480,380,690,560,505,430,835,685,555,560,550,435,320,255,600,475,340,320,1580,1445,1435,1245,1140,1085,1010,700,1195,1125,1060,850,765,690,700,645,460,395,395,345,485,415,420,400,2930,2695,2515,2300,1885,1810,1730,1355,2020,1950,1830,1660,1805,1565,1545,1420,1155,920,885,705,1210,970,935,780,5990,5655,5345,4635,3925,3575,3030,2155,4365,3965,3505,2685,7515,6855,6615,6190,5060,4405,4000,3050,5435,4715,4265,3540,630,590,550,440,445,430,375,260,470,455,415,325,4300,4205,4055,3635,2690,2620,2425,1865,2840,2780,2540,2180,2170,1910,1700,1540,1290,1155,1010,735,1355,1210,1065,920,35,40,40,20,10,15,10,5,15,20,10,5
3.2.2 Stalking,3315,3005,2935,2840,1960,1620,1520,1270,1970,1620,1530,1285,135,105,125,120,75,50,45,35,75,50,50,40,110,100,90,95,70,60,40,45,70,55,40,45,130,75,70,85,70,30,35,25,70,30,35,30,145,155,145,155,85,95,90,85,85,95,90,90,50,55,50,45,20,20,25,20,20,20,25,25,340,330,270,305,185,145,155,160,185,145,165,165,150,130,135,105,80,65,65,50,80,70,70,50,680,585,560,515,445,365,270,215,445,360,270,225,745,655,705,680,435,360,395,280,435,365,385,275,80,75,65,75,55,45,40,30,55,45,40,30,475,510,485,440,270,265,220,190,280,265,220,190,270,230,230,220,165,120,140,130,170,115,140,130,0,5,5,5,0,5,5,5,0,5,5,5
3.3 Seksueel misdrijf,8190,7730,8240,8240,3930,3845,3350,2180,4205,4095,3610,3085,320,360,390,350,125,170,115,65,135,175,130,105,310,350,330,340,155,190,160,65,160,190,165,100,245,300,240,255,125,165,95,50,130,165,100,95,510,470,480,545,230,250,205,130,250,245,205,190,190,135,190,155,100,65,75,45,105,70,90,55,1050,1020,910,935,500,510,350,280,570,520,375,380,430,400,470,475,230,220,210,180,230,255,230,210,1270,1205,1350,1280,620,640,560,360,670,690,610,500,1905,1645,1890,1835,975,840,830,520,1020,890,905,725,270,180,205,190,130,85,70,40,170,95,75,60,1105,1190,1300,1365,500,510,505,335,515,535,540,505,485,410,415,445,210,180,150,100,220,230,170,150,95,65,70,70,30,20,20,10,30,20,20,10
3.3.1 Aanranding,1820,1720,2220,2180,830,790,855,560,875,825,900,735,50,50,85,85,20,20,20,15,20,20,15,25,50,50,70,65,25,30,35,15,25,30,35,15,45,65,50,65,20,50,20,10,20,50,20,25,125,95,120,155,70,45,40,35,70,40,40,60,35,20,60,30,15,10,30,15,15,10,35,10,240,215,220,215,120,100,70,55,125,100,70,65,95,100,135,140,40,50,55,55,40,55,60,60,350,315,455,410,145,155,180,115,160,170,185,145,445,410,560,510,210,180,240,130,225,185,260,175,45,30,35,45,25,10,10,10,30,10,10,10,220,270,295,340,100,115,110,85,100,120,115,110,105,85,120,110,45,30,50,20,40,25,55,25,15,10,15,15,5,5,0,5,5,5,0,5
3.3.2 Verkrachting,1220,1265,1530,1715,570,565,490,300,645,625,570,525,30,30,75,50,15,15,25,10,15,15,30,10,45,45,45,70,20,25,20,5,25,25,20,15,35,45,45,40,25,20,15,5,25,20,15,15,70,65,65,95,25,40,10,15,25,35,10,25,25,20,40,35,10,10,10,0,10,10,15,5,150,165,165,190,70,70,40,25,80,75,45,60,60,60,80,80,25,40,35,15,30,40,45,25,195,265,285,320,100,140,100,70,115,160,115,105,315,290,370,410,165,135,120,80,185,155,150,135,45,25,30,45,30,10,10,5,40,15,10,10,155,175,240,280,65,55,80,45,65,50,90,105,70,55,70,85,20,15,15,10,20,15,20,20,30,25,25,20,5,5,5,0,5,5,5,0
3.3.3 Schennis der eerbaarheid,1590,1445,1390,1280,900,870,780,650,925,880,795,705,80,85,55,60,30,35,20,20,30,35,15,25,80,75,50,55,35,50,40,20,35,50,40,25,50,45,40,40,25,25,20,15,25,25,20,15,90,100,115,110,55,60,70,50,55,60,70,55,25,20,15,25,15,10,10,15,20,10,10,15,180,175,160,185,105,115,90,95,110,110,90,105,85,70,90,105,60,50,45,60,60,50,45,65,265,215,200,145,160,130,120,80,170,140,125,85,365,295,325,240,215,195,185,135,220,195,190,150,30,25,20,10,15,20,10,5,15,20,10,5,200,230,240,230,120,135,140,105,120,135,140,115,135,105,70,80,60,50,35,45,65,50,40,50,0,0,5,0,0,0,0,0,0,0,0,0
3.3.4 Ontucht met minderjarige,1045,875,855,820,585,490,430,240,615,540,455,350,30,15,30,20,10,10,15,5,10,10,15,10,35,40,40,25,25,20,25,5,25,20,25,10,30,20,15,15,15,15,10,5,20,15,10,5,45,60,50,50,20,30,25,5,20,30,25,10,40,20,20,15,25,10,10,5,25,10,10,5,155,130,135,115,100,70,75,45,95,70,85,65,60,50,40,50,40,35,25,20,35,50,20,20,155,120,130,125,85,65,55,35,90,75,60,55,230,200,185,210,130,120,95,70,135,135,100,90,45,20,15,15,20,10,10,5,45,15,10,10,140,125,130,110,75,65,65,30,75,80,65,45,50,55,40,50,25,30,15,10,30,25,20,20,20,15,15,15,10,5,5,0,10,10,10,5
3.3.5 Pornografie,690,660,450,350,445,530,310,135,550,565,365,265,25,20,20,25,20,15,15,5,25,15,20,15,35,30,20,15,25,25,15,0,25,25,15,15,20,15,5,15,15,15,5,5,15,15,5,10,60,50,30,15,35,45,25,10,50,45,25,15,15,15,10,5,10,10,5,0,10,15,10,5,105,105,45,25,35,80,35,20,80,90,35,25,35,35,30,20,30,30,25,10,30,35,30,15,80,105,75,75,60,90,55,25,65,90,65,45,155,135,120,80,115,105,80,30,120,110,90,60,20,15,15,5,10,10,5,0,10,15,5,5,95,90,55,50,70,65,30,20,80,70,40,40,40,40,20,20,30,35,15,10,35,35,15,15,5,0,5,0,0,0,5,0,0,0,5,0
3.3.6 Ontucht met misbruik van gezag,565,565,530,520,330,315,240,135,325,310,255,220,15,25,20,25,10,15,10,5,10,20,10,10,25,30,25,25,15,20,10,5,15,20,10,10,20,25,25,15,15,25,15,0,15,25,20,5,35,30,35,35,15,20,15,5,15,15,20,10,25,20,20,15,20,15,5,5,20,15,5,5,90,85,55,55,50,50,25,15,50,50,30,25,20,25,20,20,10,15,10,10,10,15,10,10,80,70,75,75,40,40,35,20,35,40,35,30,110,90,100,110,75,45,55,35,75,45,55,55,30,25,30,15,15,15,15,0,15,15,15,5,70,100,85,90,30,45,35,20,35,40,35,40,30,25,30,30,20,10,10,5,20,10,10,10,15,10,5,10,5,5,0,5,5,5,0,5
3.3.7 Seksueel misdrijf (overig),1255,1195,1265,1370,270,285,240,165,270,350,270,280,90,125,100,90,25,55,20,5,30,60,25,10,40,80,80,85,10,20,20,10,10,15,20,15,45,75,55,60,10,20,10,10,10,20,10,15,85,75,60,85,15,15,15,10,20,15,15,20,20,20,25,30,5,5,0,5,5,5,5,10,130,140,135,150,25,25,20,25,25,25,20,30,75,55,70,65,20,10,20,5,20,10,15,10,145,115,130,130,30,25,15,15,30,25,25,35,285,220,230,275,65,60,50,40,65,65,55,60,60,35,65,50,10,5,15,10,10,10,10,20,225,195,255,265,45,35,45,30,40,40,55,55,55,45,65,70,10,10,10,0,10,65,10,10,10,10,5,10,0,0,0,0,0,0,0,0
3.4 Levensmisdrijf,3370,3255,3120,2995,2535,2430,2355,1770,3315,3250,3045,2845,120,100,115,115,95,80,90,65,140,85,115,125,105,80,100,90,85,65,70,55,100,85,100,90,100,70,80,90,80,50,70,65,95,60,80,80,185,180,165,155,150,150,125,95,210,195,160,140,105,80,85,50,85,60,70,30,110,95,85,60,290,320,275,280,210,245,220,180,250,375,265,280,180,185,180,140,130,130,135,90,170,150,165,125,660,620,550,525,505,460,430,330,650,615,565,490,830,850,870,805,625,630,615,440,860,830,835,795,60,55,50,55,50,45,40,35,65,50,55,60,485,450,450,440,350,330,325,265,450,455,410,380,240,250,190,235,160,175,150,125,205,240,205,205,5,15,10,10,0,10,5,5,0,15,5,10
3.5 Vrijheidsbeneming/gijzeling,415,440,395,355,220,255,215,160,350,415,330,285,25,15,15,10,15,10,5,5,20,10,5,10,10,5,5,10,5,5,5,5,5,5,5,5,10,5,5,10,5,5,5,0,5,10,5,5,20,15,20,15,15,10,10,5,25,15,10,10,10,10,5,10,5,10,5,5,5,15,10,5,35,40,20,35,20,20,10,15,45,30,10,30,35,30,25,25,15,15,10,10,20,30,20,20,100,100,100,75,50,50,55,40,90,75,85,65,95,120,105,100,60,85,60,55,95,145,110,100,5,5,10,5,5,5,5,5,5,5,10,5,35,70,55,35,15,35,30,15,25,55,40,20,30,25,25,20,15,10,20,5,15,20,25,10,5,0,0,0,0,0,0,0,0,0,0,0
"3.6 Mensenhandel, mensensmokkel",625,625,725,690,345,300,290,145,530,495,470,360,50,45,30,50,35,30,10,15,50,50,15,25,10,20,10,20,10,10,10,5,10,15,15,5,10,10,10,5,5,10,5,0,10,15,15,0,30,25,35,25,15,15,15,5,20,25,20,5,15,5,15,5,0,0,0,0,5,0,5,5,35,75,65,65,20,30,25,10,35,50,30,35,25,25,30,25,10,5,10,0,20,15,25,10,130,140,160,125,75,65,65,40,115,110,90,80,100,95,145,125,60,45,65,20,105,85,140,70,10,10,20,10,0,5,5,5,5,10,20,5,100,65,90,100,55,25,35,25,75,40,40,60,70,50,50,50,50,40,25,20,65,50,40,35,50,50,70,90,5,15,15,5,15,25,15,15
3.7 Geweldsmisdrijf (overig),1115,1035,1020,990,465,390,380,280,505,445,430,395,40,40,50,40,20,10,15,10,20,10,20,15,65,55,45,50,35,20,10,10,35,20,10,15,60,40,45,25,15,10,15,5,20,10,15,15,55,35,30,45,25,15,20,15,25,20,20,20,30,30,35,20,5,5,10,0,5,10,10,5,120,120,115,110,50,45,50,40,55,50,60,55,55,55,70,70,30,20,25,25,25,20,30,30,165,170,145,125,75,65,45,40,85,75,55,50,300,250,240,245,145,115,95,65,160,130,105,90,15,15,25,15,5,5,15,10,5,5,20,10,160,165,160,170,40,55,50,40,45,65,50,55,45,55,60,70,20,20,25,20,20,25,30,30,0,5,0,0,0,5,0,0,0,5,0,0
4 Misdrijven WvSr (overig),12020,11000,11210,10530,8750,7720,7720,6390,9070,8015,8050,7135,375,300,315,300,255,175,155,140,280,180,170,155,330,305,320,325,235,185,200,165,240,190,205,190,270,255,215,185,175,150,120,80,205,160,120,100,660,690,665,620,485,535,515,395,495,555,525,435,280,245,275,300,175,145,175,180,170,145,200,200,1425,1260,1330,1270,1035,945,1000,830,1065,995,1040,935,945,850,950,830,740,620,695,535,745,630,705,590,2050,1865,2000,1760,1410,1205,1245,975,1485,1270,1310,1115,3090,2835,2725,2630,2450,2135,1980,1675,2520,2195,2040,1815,190,150,200,225,135,110,140,135,145,120,145,170,1760,1650,1680,1525,1275,1125,1170,955,1335,1165,1225,1045,620,565,520,525,370,365,325,310,385,390,345,370,15,30,20,25,5,15,5,10,5,20,10,10
5 Verkeersmisdrijven,122150,114735,114840,110515,49150,42685,41925,37820,49370,42995,42250,38165,2835,2675,2705,2740,1115,1000,1060,1140,1130,1015,1075,1145,3195,3235,3170,3010,1480,1490,1495,1360,1500,1515,1505,1380,2075,2085,2055,2035,800,765,710,745,820,775,715,750,6585,6040,6025,6085,2045,1840,1975,1820,2075,1845,1990,1840,2605,2645,2530,2420,1065,1075,1120,960,1075,1085,1130,965,11615,10865,10845,10460,4540,4100,4030,3630,4645,4130,4060,3690,8425,8025,7730,7230,3170,2870,2650,2415,3180,2875,2670,2425,20125,19415,19710,19200,8855,7635,7470,6790,8935,7680,7545,6850,34930,31435,31815,30305,15990,12860,12685,10870,15825,12945,12765,10945,2730,2430,2275,2270,1395,1105,1005,1015,1405,1115,1010,1025,18090,17335,17445,16625,6065,5340,5190,4930,6105,5365,5195,4970,8755,7895,7915,7825,2565,2120,2115,2020,2600,2140,2160,2050,190,660,615,305,65,480,415,130,70,505,430,130
5.1 Verlaten plaats ongeval,79835,78340,78765,77085,8070,7265,6835,5330,8125,7250,6840,5390,1860,1780,1750,1690,170,130,115,100,175,140,125,100,1850,1895,1790,1755,155,175,140,120,155,185,140,125,1360,1390,1390,1330,115,95,70,65,120,105,75,65,4800,4445,4305,4445,315,280,280,210,320,270,280,210,1685,1655,1515,1540,150,95,110,90,150,95,110,95,7685,7275,7280,7245,720,580,550,500,770,575,540,530,5500,5445,5315,5030,330,355,295,275,325,360,290,275,12485,12845,13235,13100,1480,1305,1240,935,1490,1300,1245,925,21370,20860,21345,21120,2685,2480,2415,1890,2665,2475,2425,1900,1430,1460,1420,1390,180,190,175,150,185,190,180,150,13155,12920,13015,12150,1280,1060,920,585,1270,1045,890,595,6545,6120,6140,6110,470,425,440,390,485,425,460,395,110,250,265,170,20,90,80,15,20,90,85,15
5.2 Rijden onder invloed,32280,27230,26490,25390,31650,26795,26085,25035,31390,26790,26110,25065,695,670,745,820,690,660,740,815,690,660,735,815,1020,990,1010,960,1015,985,1005,955,1015,985,1000,955,525,525,505,545,510,515,500,540,515,520,500,545,1260,1190,1220,1215,1250,1185,1215,1205,1250,1185,1215,1210,695,720,725,630,695,720,720,630,695,720,720,630,2860,2645,2540,2410,2825,2630,2525,2385,2825,2630,2525,2385,2260,1985,1745,1670,2240,1970,1735,1660,2235,1970,1740,1660,5755,4855,4740,4575,5590,4730,4605,4440,5590,4730,4615,4440,10560,8135,7950,7120,10435,8030,7885,7040,10170,8030,7895,7040,1110,800,680,715,1030,760,670,710,1030,760,665,715,3800,3330,3275,3375,3725,3275,3205,3345,3730,3270,3205,3350,1690,1305,1290,1250,1610,1260,1235,1220,1605,1265,1235,1225,50,80,65,100,40,70,50,90,40,70,55,90
5.3 Rijden tijdens ontzegging,4175,3840,4215,4260,4175,3840,4215,4260,4155,3835,4200,4255,105,95,115,145,105,95,115,145,105,100,115,145,140,165,175,165,140,165,175,165,140,165,180,165,60,70,65,90,60,70,65,90,60,70,65,90,125,135,185,180,125,135,185,180,125,135,185,180,100,135,135,140,100,135,135,140,100,135,135,140,345,320,380,380,345,320,380,380,345,315,375,380,325,310,330,290,325,310,330,290,325,305,330,290,895,815,805,790,895,815,805,790,890,815,805,785,1430,1130,1240,1110,1430,1130,1240,1110,1420,1125,1235,1110,85,75,90,95,85,75,90,95,85,75,90,95,395,420,515,600,395,420,515,600,390,420,515,600,165,165,170,260,165,165,170,260,165,165,170,260,0,5,10,15,0,5,10,15,0,5,10,15
5.4 Rijden tijdens rijverbod,135,95,90,75,135,95,90,75,130,95,90,75,0,0,0,0,0,0,0,0,0,0,0,0,5,5,0,0,5,5,0,0,5,5,0,0,0,0,0,0,0,0,0,0,0,0,0,0,5,0,5,5,5,0,5,5,5,0,5,5,0,5,5,0,0,5,5,0,0,5,5,0,5,10,5,5,5,10,5,5,5,10,5,5,5,5,5,0,5,5,5,0,5,5,5,0,35,15,20,20,35,15,20,20,35,15,20,20,60,35,40,25,60,35,40,25,60,35,40,25,0,5,0,0,0,5,0,0,0,5,0,0,10,5,10,5,10,5,10,5,10,5,10,5,0,5,0,5,0,5,0,5,0,5,0,5,0,0,0,0,0,0,0,0,0,0,0,0
5.5 Voeren vals kenteken,715,615,665,655,410,335,320,335,455,360,355,410,15,15,15,10,10,10,10,10,15,10,15,5,30,20,15,15,20,10,10,15,25,10,10,15,20,15,20,20,15,10,10,10,15,10,10,10,45,25,25,20,20,15,15,10,20,15,15,10,5,10,10,5,0,5,5,5,0,5,10,5,80,55,60,55,35,30,20,25,40,30,20,30,85,55,50,60,45,25,25,25,55,25,30,30,95,110,115,95,55,50,45,40,65,60,55,60,165,135,165,150,95,85,80,80,100,95,80,95,15,10,15,15,10,5,10,10,10,5,15,10,110,115,105,130,75,70,55,65,80,75,60,85,45,45,60,70,30,25,25,35,30,25,30,45,10,5,5,5,0,0,0,0,0,0,0,0
5.6 Joyriding,270,280,300,250,155,165,180,150,180,195,210,175,15,10,10,5,10,5,5,5,10,5,10,5,5,10,10,10,0,5,5,5,0,5,5,5,15,5,5,5,10,5,0,5,10,5,0,5,10,15,10,15,5,10,10,15,5,15,10,15,5,10,5,5,5,5,5,0,5,5,5,0,40,35,45,35,25,20,25,20,30,25,30,20,15,15,30,20,10,5,15,15,10,5,20,15,50,60,55,45,25,35,30,25,30,35,40,30,50,60,75,55,25,40,50,30,25,50,55,40,5,5,0,5,5,5,0,5,5,5,0,5,40,35,40,35,25,20,20,20,30,25,30,20,15,20,15,10,10,10,10,5,10,10,10,5,5,5,0,5,5,0,0,5,10,0,0,5
5.7 Weigeren blaastest/bloedonderzoek,335,310,380,330,335,310,380,330,330,310,380,330,10,10,15,5,10,10,15,5,10,10,15,5,5,10,5,15,5,10,5,15,5,10,5,15,5,5,5,5,5,5,5,5,5,5,5,5,20,5,10,5,20,5,10,5,20,5,10,5,5,10,20,15,5,10,20,15,5,5,20,15,25,30,25,25,25,30,25,25,25,30,25,25,25,25,40,40,25,25,40,40,25,20,40,40,55,55,60,55,55,55,60,55,55,55,60,55,125,115,140,110,125,115,140,110,125,115,140,110,10,5,5,5,10,5,5,5,10,5,5,5,25,20,25,30,25,20,25,30,25,20,25,30,20,20,30,15,20,20,30,15,20,20,30,15,5,5,0,0,5,5,0,0,5,5,0,0
5.8 Verkeersmisdrijf (overig),4400,4025,3935,2470,4220,3875,3815,2310,4605,4160,4065,2470,130,95,60,60,120,85,60,55,125,90,65,65,140,145,160,90,140,140,150,85,155,155,165,90,85,75,65,35,80,65,60,30,90,65,65,30,320,220,260,195,305,210,255,185,335,220,265,195,110,100,120,75,105,100,120,75,115,110,125,75,575,490,520,310,555,475,505,290,610,510,540,315,210,185,210,115,195,175,205,105,205,185,220,115,750,660,685,520,715,630,660,485,780,680,710,530,1160,970,855,615,1135,950,840,585,1250,1020,890,625,80,65,60,45,70,60,55,40,80,65,60,45,555,490,465,300,530,470,440,280,570,500,460,285,275,220,210,110,265,210,200,90,285,225,220,100,5,315,270,5,0,310,265,0,0,335,280,0
6 Drugsmisdrijven,16310,14770,13295,12560,15905,14370,12715,10385,22580,20650,18505,16945,480,425,365,360,475,415,355,260,635,690,505,470,455,440,335,355,450,435,325,280,605,575,420,470,260,190,210,215,255,190,205,155,425,300,285,305,680,585,625,550,660,570,575,385,940,855,925,785,655,525,605,570,635,515,590,520,780,655,825,720,1280,1145,1045,1090,1245,1105,1005,770,1705,1595,1495,1430,940,695,650,615,920,665,630,505,1350,945,875,860,3740,3505,2820,2615,3665,3405,2670,2310,5030,4615,3760,3415,3480,3160,3040,2720,3370,3070,2920,2355,5125,4710,4350,3805,315,375,295,340,295,365,275,280,425,570,450,475,2755,2520,2200,2220,2705,2470,2120,1815,3750,3440,2940,2955,1260,1185,1085,900,1220,1145,1030,735,1790,1640,1600,1210,10,20,20,20,10,20,15,15,25,50,75,55
6.1 Harddrugs,7715,7390,6750,6575,7590,7250,6550,5675,10290,9725,8900,8390,140,160,145,130,135,160,145,95,190,210,185,150,190,240,190,190,190,240,185,140,255,310,225,250,85,65,95,85,85,60,95,60,150,100,125,105,275,270,275,250,270,265,265,185,385,390,405,315,370,285,315,330,370,285,310,315,420,305,345,360,650,585,560,565,635,575,540,435,780,755,705,705,375,340,275,265,370,325,265,220,470,435,350,350,2640,2525,1910,1800,2610,2485,1860,1645,3430,3100,2435,2265,1415,1395,1400,1380,1390,1370,1360,1245,2050,1985,1960,1855,110,105,100,120,100,100,95,100,165,190,160,185,995,960,1055,1070,985,950,1020,910,1260,1250,1315,1300,470,440,425,370,450,425,400,310,725,650,620,490,5,15,15,15,5,15,10,10,10,45,65,50
6.2 Softdrugs,8195,7005,6320,5770,7955,6800,6010,4585,11845,10475,9350,8320,300,250,215,225,300,250,210,160,415,470,305,315,260,195,140,165,260,195,135,140,350,260,190,215,170,125,115,120,165,125,110,90,270,200,160,190,365,300,335,285,355,295,305,190,500,450,505,450,280,235,290,240,265,230,275,205,360,345,485,360,615,540,470,500,595,520,445,330,905,820,765,705,560,340,365,340,545,330,360,280,870,500,525,500,1080,950,875,790,1040,905,805,655,1575,1485,1300,1130,2015,1700,1605,1300,1935,1645,1540,1090,3000,2635,2345,1900,195,265,185,205,190,255,170,175,245,370,265,275,1580,1365,1070,1075,1545,1340,1030,855,2290,1980,1530,1575,775,725,650,520,755,710,620,420,1050,960,965,705,5,5,5,5,5,5,5,0,10,5,15,5
6.3 Drugsmisdrijf (overig),400,375,225,220,360,325,155,125,445,450,255,235,40,10,5,10,40,10,5,5,30,10,10,10,5,5,5,0,0,5,0,0,0,5,0,0,5,5,0,10,5,5,0,5,5,5,0,10,40,15,15,15,40,15,10,10,55,20,15,15,5,5,0,0,0,5,0,0,0,5,0,0,15,15,15,20,15,15,15,5,20,20,25,20,5,15,10,5,5,10,5,5,5,15,5,10,20,30,35,25,10,15,10,10,20,35,20,20,50,60,35,40,45,55,25,20,75,90,45,45,10,10,10,10,10,5,10,5,10,10,20,15,180,195,75,75,175,180,65,50,200,215,95,75,15,15,15,10,15,10,10,5,20,35,15,15,0,0,0,0,0,0,0,0,0,0,0,0
7 (Vuur)wapenmisdrijven,5875,5545,5425,4740,5735,5385,5230,4120,6835,6395,6140,5370,145,125,90,105,140,125,85,95,160,135,105,120,100,95,90,95,100,90,85,80,110,115,95,105,90,95,95,90,85,95,95,70,100,115,105,100,295,275,320,245,285,270,310,205,350,300,350,275,125,115,110,110,120,115,110,100,145,135,130,140,530,460,490,435,515,445,475,350,610,520,525,485,350,335,310,260,340,320,300,220,405,375,370,305,1310,1295,1205,1010,1270,1245,1150,880,1510,1460,1365,1135,1570,1375,1465,1095,1540,1345,1420,980,1900,1695,1725,1270,120,130,85,110,115,125,85,90,140,150,100,130,785,835,795,845,770,820,775,765,905,925,860,910,450,400,360,335,435,385,330,285,495,450,400,385,10,5,5,10,10,5,5,5,10,15,10,5
9 Misdrijven overige wetten,3880,3530,3385,2435,2955,2605,2380,1480,3490,3140,2885,1855,135,140,100,70,95,105,65,45,105,115,75,55,135,130,160,90,110,105,125,60,130,110,160,85,70,100,100,55,45,60,60,30,50,70,70,40,150,170,190,115,125,140,160,70,160,170,215,95,115,75,75,65,45,40,50,40,50,55,65,50,480,425,405,250,375,300,295,160,455,365,355,200,190,145,175,160,135,110,125,90,170,165,160,115,635,550,520,360,500,420,375,240,560,540,440,290,1055,850,815,605,875,710,635,430,1060,865,780,525,135,110,95,55,105,80,65,35,125,85,90,40,500,510,485,385,370,345,295,190,430,375,305,235,270,305,240,205,155,170,120,80,190,195,150,100,15,25,25,20,15,15,15,10,15,20,20,25
9.1 Militair misdrijf,60,40,30,20,45,30,20,15,50,30,20,15,0,0,0,0,0,0,0,0,0,0,0,0,0,0,0,0,0,0,0,0,0,0,0,0,0,0,0,0,0,0,0,0,0,0,0,0,5,0,0,0,5,0,0,0,5,0,0,0,0,0,0,0,0,0,0,0,0,0,0,0,25,20,15,5,20,10,10,5,20,10,10,5,5,0,5,0,0,0,5,0,0,0,5,0,5,0,0,0,0,0,0,0,0,0,0,0,0,0,0,0,0,0,0,0,0,0,0,0,0,0,0,0,0,0,0,0,0,0,0,0,10,5,5,5,10,0,5,0,10,0,5,0,5,0,0,0,5,0,0,0,5,0,0,0,10,10,10,10,10,10,5,5,10,10,5,5
9.2 Misdrijf (overig),3820,3490,3355,2415,2905,2575,2360,1470,3440,3110,2860,1840,135,140,100,70,95,105,65,45,105,115,75,55,135,125,160,90,110,105,125,60,130,110,160,85,70,100,100,55,45,60,60,30,50,70,70,40,145,170,190,115,120,140,160,70,155,170,215,95,115,75,75,65,45,40,50,40,50,55,65,50,455,410,395,250,355,290,285,155,435,355,345,200,185,145,175,160,135,105,120,85,170,165,160,115,635,545,520,360,495,420,375,240,560,540,440,290,1055,850,815,605,875,710,635,430,1060,865,780,525,135,110,95,55,105,80,65,35,125,85,90,40,490,505,480,380,360,345,290,190,420,375,300,235,265,305,240,205,150,170,120,80,185,195,150,100,10,10,15,10,5,5,10,5,5,5,15,20
